Hypervolume;Run
53.737548828125;0
67.42676544189453;1
901152.0;2
1032220.8125;3
1032220.8125;4
1034985.625;5
1048320.0;6
1048320.0;7
1048320.0;8
1048320.0;9
1049011.25;10
1101427.25;11
1101427.25;12
1102041.625;13
1102464.0;14
1105574.375;15
