Hypervolume;Run
65.4746322631836;0
71.60198974609375;1
768738.0;2
904803.875;3
904803.875;4
904803.875;5
904803.875;6
904803.875;7
998617.625;8
998617.625;9
998617.625;10
998617.625;11
998617.625;12
998617.625;13
998617.625;14
998617.625;15
