Hypervolume;Run
102.22933197021484;0
102.22933197021484;1
1233745.875;2
1275310.125;3
1328025.625;4
1622016.0;5
1622016.0;6
1622016.0;7
1622016.0;8
1622016.0;9
1622016.0;10
1622016.0;11
1622016.0;12
1622016.0;13
1622016.0;14
1622016.0;15
