Hypervolume;Run
0.8399999737739563;0
2.2022221088409424;1
91644.0;2
181104.0;3
181921.921875;4
237129.59375;5
253969.28125;6
255303.359375;7
297523.1875;8
297523.1875;9
317539.84375;10
361886.40625;11
361886.40625;12
374443.1875;13
375288.0;14
508585.9375;15
