Hypervolume;Run
5.902721881866455;0
30.33477020263672;1
467913.59375;2
771955.1875;3
813669.125;4
874912.3125;5
892228.8125;6
934252.8125;7
934252.8125;8
1040332.8125;9
1040332.8125;10
1040332.8125;11
1040332.8125;12
1040332.8125;13
1101634.5;14
1101634.5;15
