Hypervolume;Run
65.47457122802734;0
65.47457122802734;1
738816.0;2
958176.0;3
1263321.625;4
1263321.625;5
1263321.625;6
1263321.625;7
1263321.625;8
1263321.625;9
1263321.625;10
1263321.625;11
1263321.625;12
1263321.625;13
1263321.625;14
1263321.625;15
