Hypervolume;Run
38.05801010131836;0
45.81504440307617;1
576898.5625;2
840700.8125;3
840700.8125;4
846370.8125;5
846370.8125;6
846370.8125;7
852930.6875;8
858443.1875;9
858443.1875;10
862301.9375;11
893483.75;12
933396.5;13
946667.5;14
1061683.25;15
