Hypervolume;Run
121.64306640625;0
121.64306640625;1
1039948.8125;2
1114700.75;3
1165758.75;4
1258348.625;5
1258348.625;6
1258348.625;7
1258348.625;8
1258726.625;9
1288058.625;10
1288058.625;11
1288058.625;12
1288058.625;13
1288058.625;14
1322985.75;15
