Hypervolume;Run
30.350221633911133;0
36.15762710571289;1
650833.9375;2
833310.75;3
833310.75;4
833310.75;5
833310.75;6
873861.125;7
880619.5;8
880619.5;9
880619.5;10
880619.5;11
896839.6875;12
917114.875;13
917114.875;14
917114.875;15
