Hypervolume;Run
29.512916564941406;0
35.63100051879883;1
422301.59375;2
428784.3125;3
463790.875;4
526554.0;5
526554.0;6
526554.0;7
677376.0;8
740033.3125;9
740033.3125;10
740033.3125;11
744213.9375;12
744213.9375;13
744213.9375;14
745378.1875;15
