Hypervolume;Run
34.37309646606445;0
35.08515930175781;1
528869.25;2
596313.875;3
596586.875;4
596902.9375;5
596949.125;6
596949.125;7
597696.625;8
597856.1875;9
599543.0;10
603965.5625;11
619279.25;12
619426.625;13
619426.625;14
623238.125;15
