Hypervolume;Run
40.49945831298828;0
40.49945831298828;1
50207.8515625;2
451737.0;3
451737.0;4
459394.65625;5
513422.09375;6
764593.3125;7
764593.3125;8
764593.3125;9
875638.375;10
875638.375;11
875638.375;12
1002567.125;13
1002567.125;14
1002567.125;15
