Hypervolume;Run
24.87350082397461;0
27.590055465698242;1
284702.40625;2
284702.40625;3
286091.1875;4
291254.40625;5
467442.0;6
556117.1875;7
1032652.8125;8
1032652.8125;9
1032652.8125;10
1032652.8125;11
1032652.8125;12
1032652.8125;13
1032652.8125;14
1032652.8125;15
