Hypervolume;Run
117.53600311279297;0
117.53600311279297;1
1122570.25;2
1122570.25;3
1122570.25;4
1137776.625;5
1146224.625;6
1183395.875;7
1183395.875;8
1183395.875;9
1183395.875;10
1183395.875;11
1183395.875;12
1183395.875;13
1183395.875;14
1183395.875;15
