Hypervolume;Run
33.91749954223633;0
34.662662506103516;1
353876.03125;2
733667.3125;3
857326.375;4
861487.1875;5
1419264.0;6
1419264.0;7
1419264.0;8
1419264.0;9
1419264.0;10
1419264.0;11
1419264.0;12
1419264.0;13
1419264.0;14
1419264.0;15
