Hypervolume;Run
17.86554718017578;0
18.039167404174805;1
162656.0;2
181388.0;3
385768.8125;4
417221.5625;5
417845.9375;6
451430.5625;7
520226.5625;8
699278.5;9
725603.5625;10
727944.375;11
762835.375;12
764492.625;13
764492.625;14
764492.625;15
