Hypervolume;Run
76.55999755859375;0
100.57599639892578;1
1344668.125;2
1344668.125;3
1344668.125;4
1402072.375;5
1458167.0;6
1464122.875;7
1464122.875;8
1464122.875;9
1464122.875;10
1464122.875;11
1464122.875;12
1464122.875;13
1464122.875;14
1464122.875;15
